model,Introvert/Extrovert Score,Intuitive/Sensing Score,Thinking/Feeling Score,Judging/Perceiving Score
Random Forests,0.7662517289073306,0.8607653296449977,0.6182572614107884,0.6182572614107884
KNN,0.7016129032258065,0.8387096774193549,0.5345622119815668,0.521889400921659
SVM,0.760258183494698,0.8547653296449977,0.6085753803596127,0.5597049331489166
Neural Network,0.7722452878952026,0.8607653379440308,0.6445366740226746,0.6076533198356628
